row_id,mz,rt.min
58125,822.7425,19.1512
45084,262.9992,12.286
17879,231.1702,5.086
52857,217.1295,15.0417
50142,178.045,13.8178
25425,329.1279,7.2962
8680,415.175,2.9393
30542,622.1744,8.1663
46220,363.1435,12.6757
57335,285.123,16.3948
51335,248.0619,13.6503
27451,385.1515,7.3123
73042,219.0867,23.1204
31947,313.1429,7.7632
26111,630.8863,7.0922
70821,354.78,21.4035
29338,240.0278,8.3718
54506,294.8736,15.798
23338,192.0689,6.7929
50260,230.1136,13.4678
70718,526.7163,21.3838
63263,888.721,18.5195
56862,163,16.388
52379,364.0079,14.9408
41418,481.2055,11.0978
47049,248.1243,12.9156
53676,592.1623,15.5445
54411,156.9637,15.2909
34716,136.0806,9.6164
3614,699.4626,2.9477
70039,452.7038,21.3221
63876,380.8787,19.2328
31817,123.0552,6.8314
43830,283.07,11.1532
55095,219.0976,15.6124
19584,226.1438,4.2442
47499,190.1438,13.1213
31576,642.0967,8.4143
49536,119.0491,13.6955
27277,442.133,7.9043
16777,674.4625,2.9031
70048,578.6409,21.1792
31212,256.1294,8.2867
59053,310.9314,16.2495
51616,469.1979,14.5183
60546,686.8593,17.2288
70788,476.7182,21.4101
59657,418.9109,16.8313
40844,953.9038,11.2251
4212,841.5251,2.942
60685,588.8827,17.5343
44535,244.9329,13.0516
4566,787.3273,3.1361
42223,307.044,11.451
44656,288.2283,11.77
7704,348.2533,3.4207
3946,1337.8822,3.0349
49155,391.2662,13.6024
68776,995.2707,19.7667
48124,322.0549,13.1955
58854,104.1069,17.6552
3366,843.5399,2.9258
70300,632.6024,21.4003
71952,337.1698,22.7886
7503,388.254,4.3277
21524,209.1649,5.5625
2675,595.155,2.8783
56975,293.1821,15.9054
58956,335.0149,16.7089
62694,204.913,19.3872
7111,666.2882,3.3667
56285,587.0299,16.0605
45431,391.12,11.2424
10417,833.3229,3.4692
52378,345.9973,14.8805
58222,283.1378,16.7838
55793,664.1957,15.9517
42964,739.2815,11.1151
26069,425.1464,7.5455
55700,723.1411,15.7742
13212,624.4106,3.0581
1056,1170.7872,3.186
3615,1013.2955,3.0249
57195,198.0849,16.4627
2107,1058.662,3.1808
43002,948.373,11.1596
7706,432.2379,3.3063
33414,271.0861,9.2067
69242,89.1073,20.6467
70165,632.6156,20.9657
12095,834.2391,3.154
60570,797.1675,17.4904
3349,1198.8302,3.0272
61076,701.1006,16.8467
65445,1135.6142,19.1684
25839,494.2225,7.366
2226,1205.7173,3.0883
59879,769.1925,17.4866
54613,168.0323,15.4073
30002,299.1272,8.3292
9020,568.3397,3.5302
66748,164.9239,19.6351
47100,407.0754,12.8774
18764,534.5248,3.9258
45756,463.2148,12.6651
3859,770.5129,3.1197
70256,590.6204,21.1608
61266,428.931,18.0295
57987,292.0827,16.7177
43142,348.1142,11.9656
5774,782.5692,3.1452
30410,401.9583,8.4543
52788,703.1027,14.6492
61002,456.9782,17.4385
34660,137.065,9.6295
55066,439.9998,15.3424
47613,351.0878,13.0901
58527,348.9716,16.1927
41193,243.134,11.7202
65032,1400.5247,19.154
23819,155.0815,6.825
71351,164.9321,20.7569
2635,906.6451,2.9436
56938,303.1829,16.428
48340,288.2031,12.0928
55619,268.078,15.9844
12216,597.2172,4.0231
57419,148.0602,15.5119
36963,376.2593,9.0243
4948,948.6192,2.9166
30758,269.161,8.5491
3577,1092.719,3.0522
36835,347.1496,9.502
36797,148.0757,10.095
5458,687.1826,2.8892
2164,864.6242,3.071
49276,227.1003,13.7982
71958,603.2339,22.856
29883,803.2017,8.3611
71388,203.1502,21.2221
2897,727.4614,2.9972
36455,159.1128,9.705
41498,759.2543,11.1328
32467,247.1112,8.944
55790,637.189,15.8943
40205,501.1628,11.0794
57031,174.0872,14.8741
64093,427.8403,18.2952
15775,203.139,4.5641
55903,238.0451,15.9876
54399,214.0063,15.5129
73168,413.0431,22.9928
26415,263.0268,7.5967
3629,592.3852,3.1952
61276,554.0127,17.7867
70384,730.5386,20.9169
64023,380.8817,19.1232
71746,184.8929,22.7574
51965,709.0646,13.7784
2209,930.5792,2.938
5297,790.5888,2.98
67089,142.9413,19.1915
68429,239.1447,19.4356
62770,734.7341,19.2844
4154,902.3945,2.9193
69337,144.9305,21.2013
61679,398.885,19.1077
27276,254.0434,7.7809
49395,150.0581,11.8754
45391,257.1246,13.4634
48437,522.1544,13.3626
31580,402.2338,7.9628
4466,1182.9554,3.0115
60704,486.8389,19.1204
10189,550.3871,3.412
2160,991.5962,3.0485
69332,412.8261,21.5547
30306,266.9149,8.8397
65718,326.067,19.1157
54697,616.3772,15.5251
72084,385.0332,23.2466
57172,156.0797,16.3014
873,685.4355,3.0112
68665,376.849,19.3758
3738,499.3265,3.2606
19835,760.5848,3.5795
19542,810.6007,3.2776
11400,592.2616,3.8006
2561,639.4256,2.9647
37720,659.3368,10.2031
60352,740.86,17.5266
62047,390.8312,17.9828
19867,114.0913,5.1493
60548,664.8773,17.3061
36276,111.0917,9.5825
70382,692.582,21.1615
25705,144.0655,7.653
36966,542.1843,10.4305
39461,470.228,10.9803
25540,156.0421,8.3454
4408,906.7019,2.9794
61269,510.049,17.789
3111,489.3253,3.0662
54377,397.0722,15.5075
70430,950.4185,21.0271
24986,253.1283,7.2649
41956,694.2433,11.1739
49447,166.058,13.7182
47782,116.0704,13.1675
55536,325.0279,15.979
2370,698.5219,2.8491
51220,461.1388,12.5748
45116,506.1136,11.2118
70191,868.4531,21.2429
2521,1228.8145,2.9225
4439,908.2383,3.0071
70429,414.7437,21.2499
71097,282.8397,21.4006
16221,244.1908,4.0609
7746,649.261,3.5535
48056,200.027,13.2087
15578,165.1121,4.5719
57762,164.0083,16.6503
19680,189.1233,4.9253
11511,311.1854,3.4125
56952,235.0956,16.2772
37987,234.077,10.7357
48681,344.0887,13.4054
50817,875.2041,14.1446
70319,716.5466,21.2177
13388,191.1278,4.175
12761,177.0546,3.5023
19872,249.1574,5.5291
3857,736.5149,3.0303
66871,164.9226,19.4443
6460,1119.7126,2.9272
35368,345.0869,9.8195
44927,340.882,12.9936
69167,282.8743,20.9746
44308,111.0553,11.9324
5617,1242.8031,2.8914
63005,1499.4764,19.0396
32093,1086.1993,8.4166
53925,178.0239,15.4445
73381,376.8794,24.3041
34204,114.0913,8.8132
62221,332.8745,18.8675
64960,168.9459,19.096
24479,532.2261,6.7296
7323,496.421,3.231
52945,384.1149,15.2135
69676,274.9174,19.4032
58821,273.0372,16.8248
54349,497.0842,15.8494
54362,383.0413,15.5359
71331,239.1061,21.0123
54576,489.1146,15.5674
21232,363.1626,5.7768
58183,532.0712,15.9733
72178,249.0705,23.3871
3506,934.6401,2.8847
65956,452.8086,19.391
47849,288.0517,13.1683
12870,577.5192,2.9324
29870,236.0154,8.3168
31201,668.0966,8.4167
52419,407.157,14.7705
2378,932.6248,2.8851
4376,1001.6859,3.2293
52173,512.0807,14.7218
48787,705.2455,11.2701
32584,1281.2557,8.48
71927,407.171,22.7011
60207,386.0526,16.5985
70060,696.5848,21.2468
40386,732.2565,11.1189
40475,501.1715,11.1343
29601,998.2712,8.2947
15546,349.1833,4.48
30696,480.243,8.0188
46120,667.2254,12.7797
2842,1224.7916,2.9085
41679,84.0807,12.4597
70171,646.5921,21.2442
41346,710.2743,11.1785
55664,453.1077,15.9961
71058,372.8337,20.4703
35429,306.9073,10.232
48630,599.1427,13.2519
26705,448.211,7.7371
70034,372.7564,21.1558
41092,841.2591,11.1455
23573,249.0905,6.7351
57020,445.0716,16.7292
69054,462.8266,20.3987
55509,432.1116,15.9507
59904,223.0778,16.8789
20310,443.2322,5.3737
40184,1787.9967,10.9265
6527,914.6411,3.0911
28252,626.3121,8.1043
55264,56.9648,15.921
63878,446.8522,19.4333
35016,160.0968,8.6465
36961,548.2968,10.2282
14107,540.5354,3.1232
47916,390.1485,13.1916
3303,752.4948,2.9313
54313,369.0407,15.5588
36041,516.3088,9.7071
45967,130.086,12.7147
57958,314.0713,16.8017
9526,686.1823,3.0583
51124,245.1609,12.9309
58267,401.0194,16.8546
3723,749.4447,2.9975
38551,1194.8173,9.559
29414,355.1534,8.3981
70337,536.6823,21.3314
60480,851.2638,17.7438
48057,474.1173,12.9671
61068,635.1555,16.8914
60146,690.917,17.4689
3107,705.2114,2.909
65005,1206.6329,19.164
42884,175.0016,10.7386
63954,1078.6867,19.1663
3201,1120.7168,2.9327
56789,227.0638,15.9834
37976,202.9916,10.6685
7354,319.2268,3.4417
20232,412.2107,7.6174
55688,679.177,15.851
4968,999.6718,3.3942
10912,685.2589,3.7007
58073,976.6678,19.1541
50589,543.1833,13.9651
52713,436.0115,14.8631
2240,969.614,3.1735
29050,198.0594,8.3179
69759,250.8102,21.7165
5769,918.7389,3.1832
41058,499.1864,11.1598
57354,299.0286,16.4832
65264,1100.6682,19.1594
52722,310.0868,14.9094
40248,1191.5005,11.0901
61084,843.0452,16.4721
16103,305.1572,4.726
65363,1082.632,19.1341
7356,1138.755,2.8894
70861,356.7781,21.3831
48522,437.2506,11.9635
53987,134.0188,15.4035
16934,1370.81,3.3702
30476,1194.3309,8.3535
49229,419.0752,13.0477
58374,516.095,16.281
4654,1034.7083,3.1618
70911,616.6283,21.3764
7758,565.1279,3.5215
62661,530.829,19.1687
50842,739.0974,14.094
72063,129.1022,22.3886
26028,403.1644,7.5101
43821,345.1147,11.8732
63403,420.8751,18.6399
58208,249.0459,15.9833
15400,605.5506,2.9029
58247,295.9707,16.6573
2024,387.2893,2.8567
29505,475.1858,8.244
63629,1250.6237,18.6936
70452,956.4374,20.9414
57957,292.0879,16.9285
52809,541.1613,14.8146
27299,399.1793,7.7825
40972,761.2634,11.1187
53760,189.1234,15.084
5943,626.2154,2.9399
39607,665.2533,10.9806
8705,563.2276,2.9697
48683,322.1068,13.4348
11924,609.3885,3.9199
58875,584.8801,17.0818
58569,225.0185,17.1481
62866,1144.6322,19.1637
65500,326.0612,19.1862
59496,427.001,16.3802
58279,713.1036,16.6625
58776,313.0328,16.7202
26975,490.2217,7.742
61254,368.1149,17.8005
55654,767.1045,15.7396
73147,176.1222,24.0479
14399,451.138,4.2318
8088,751.5116,3.3212
47903,310.0336,13.1513
17682,658.4528,3.0085
35491,256.1756,9.2199
34923,137.0587,9.6073
5524,749.4258,2.8857
47070,313.067,12.7909
29334,485.2277,8.2506
2182,986.6412,2.9193
4053,505.087,2.9778
58511,624.9974,16.7907
4510,523.5281,3.0053
55905,597.093,16.0275
10780,806.6503,3.0407
58742,609.0081,16.2936
3759,351.253,3.3476
47199,409.2117,10.8465
56050,347.0097,15.9745
4214,855.3684,3.6312
4452,592.5747,2.9364
61133,701.0955,16.3638
41596,501.1917,11.0914
58021,332.0627,16.6092
57961,522.2138,15.913
33322,385.148,9.1085
59652,462.8753,17.0967
40017,723.2894,11.0616
57112,130.0497,15.6186
46997,59.0676,13.0066
26213,290.1865,7.1423
38460,486.8505,12.505
22245,257.1498,7.2649
57329,277.0466,16.4819
6156,777.5701,3.0045
24889,340.1478,6.5438
60321,413.0141,17.4386
45258,275.1239,12.4395
26576,270.0174,7.7858
20390,432.2802,4.3142
12618,955.5699,3.0458
54376,276.1191,15.9551
10263,255.1229,3.5744
72034,280.1273,22.7701
70747,438.7238,21.3869
1950,903.3783,2.829
20587,426.1808,5.7923
3958,1133.6957,3.0953
46053,412.2107,11.8599
52748,1032.1691,15.1804
42434,514.3124,11.1491
47985,311.1272,13.2625
51642,553.1691,14.4106
6177,309.181,3.657
3448,1216.75,2.9265
54046,347.9807,15.5008
60462,383.8764,16.5173
15660,342.2387,4.512
53133,292.0359,15.4195
7290,452.3009,3.5092
59023,562.8975,16.9835
63290,552.8179,18.4512
56722,117.0548,16.3058
21330,265.1548,4.7816
61651,846.3083,17.6374
65618,1188.5961,19.1716
59646,440.8929,16.9194
4561,908.7185,3.009
58775,305.0038,16.002
47810,385.1378,12.6796
50730,55.0542,12.8691
68231,306.8614,19.4427
32641,232.0613,7.7745
63777,848.7212,19.1627
6802,540.4474,3.3075
2740,632.1894,2.863
60091,345.0475,16.775
58726,283.0245,16.5528
52716,519.1794,14.9017
41038,521.1687,11.1282
60370,299.0918,16.9408
70876,189.1597,21.4216
46137,454.1905,12.3041
51666,336.0875,14.5151
65517,932.7038,19.1707
47908,160.0345,13.167
9782,1119.7298,3.7587
14992,1280.8544,3.0464
33617,275.1103,7.2759
4764,1150.7187,2.923
61080,799.0803,16.2818
51668,507.154,14.5251
18761,548.5404,3.1502
48835,371.113,13.4367
72093,155.1269,22.7874
61364,1101.2444,17.5377
56266,565.048,16.1261
40726,997.3657,11.0982
66761,676.7729,19.3451
56497,246.0286,16.2276
28254,254.117,8.3329
59907,280.9938,16.4761
73199,431.0541,24.1843
52747,1010.1852,14.6791
19724,263.1392,6.1099
9458,395.3307,3.4123
57555,185.9924,16.408
37780,592.3375,8.8768
70193,912.4823,21.2483
70671,576.6362,21.3393
9415,293.1537,3.694
59672,448.9776,16.7437
5072,693.3633,2.8918
48775,255.1011,13.4252
53043,304.1616,15.4292
39884,421.1379,10.2753
73140,431.0496,23.4215
49557,596.2168,13.5795
2730,225.0605,2.9033
3975,604.4727,3.036
30387,328.0938,8.1103
3373,483.3431,3.1251
5021,760.2199,3.0437
42553,299.1272,10.9977
15214,854.5668,3.3335
47260,542.322,12.2802
72179,307.0553,22.9211
41390,543.1508,11.1437
50871,559.1581,14.1557
52785,673.09,14.6163
61034,799.0642,17.6094
39170,667.3331,10.9845
58593,609.0005,16.0121
71506,133.0986,22.4209
58297,735.0316,15.8078
42959,216.0438,10.1188
2981,563.0742,2.9133
41513,342.1693,11.1314
70477,852.4612,21.0503
48000,434.1249,13.1261
16343,470.2972,4.9729
72089,622.9499,22.8794
58921,313.0358,16.7734
45871,118.086,11.8618
27221,525.0901,7.7917
69160,954.6856,19.1684
4663,958.734,3.2166
29803,392.1174,8.4487
1197,1195.8202,2.9105
54952,388.9983,15.7905
57472,122.081,15.7783
34803,608.1587,8.3714
48428,311.0955,13.0843
72055,147.1127,22.8118
46174,476.1721,12.7115
50129,365.1052,15.7322
6320,835.3779,3.6457
36753,524.2162,9.322
71317,446.8463,20.2311
37196,572.7853,10.262
6649,911.7336,3.192
30220,1259.2738,8.46
1475,438.3789,3.1852
61569,117.1023,16.0921
54794,241.0796,15.5688
52104,274.9105,14.8079
57990,314.0646,16.7212
59527,426.9953,17.032
44670,123.9407,12.2468
48759,277.083,12.9026
4383,1399.9359,3.0364
63284,398.889,18.5822
55933,426.0474,14.9556
10724,520.3397,3.7093
27773,380.1848,7.7963
61383,645.9825,17.6873
7946,1041.6861,3.6738
20851,175.1076,5.6375
58981,284.9952,17.006
43758,454.1652,11.111
66642,284.87,19.3822
7267,1326.784,3.3538
27849,252.1092,7.8915
60426,496.9708,17.4405
58954,288.9472,16.008
11498,341.2434,3.8528
30690,545.3412,8.1173
11343,187.1117,3.7971
5405,865.5796,2.9192
54445,536.1622,15.4588
62125,266.9012,18.7318
27300,465.1311,7.7721
12444,855.6701,3.2311
61120,657.1231,17.756
65365,1033.2306,19.0303
4240,672.5254,3.1007
51946,665.1007,14.4105
42976,452.3218,9.9504
8645,459.3106,3.2035
22401,279.1704,4.3242
70283,770.5152,21.1747
38660,213.0921,10.9154
42581,413.1023,10.7871
7062,1006.6613,2.8855
13325,730.5381,3.1816
20963,329.1497,5.2741
72079,209.0774,23.2167
21907,419.2499,5.8502
57640,404.9845,16.5391
54360,271.9651,15.5053
61007,811.0199,17.3862
52760,563.1427,14.7209
49720,265.0909,13.4329
70028,302.8134,21.1349
72098,130.0886,22.9463
5878,843.7065,3.697
15449,297.1268,4.4629
55648,703.1353,16.2124
2192,1030.631,3.0837
37472,232.1293,10.8891
52930,140.0681,14.9018
41680,518.3243,10.5638
4390,811.3414,3.3357
19104,539.523,3.1389
55275,713.1143,15.747
63289,530.8343,18.675
25848,231.134,8.5053
12256,421.34,4.006
50427,74.06,15.3841
61097,243.0326,17.919
63478,698.7755,18.9413
60260,510.9912,17.3708
48446,307.065,12.6735
3323,1140.7623,2.911
58444,320.975,16.7431
41912,370.2005,10.9598
58772,358.8927,19.1867
47918,412.1304,13.1925
66946,270.8902,19.9573
52678,170.0577,14.4536
30719,625.1929,8.3867
60481,232.1405,17.3574
26864,316.1268,7.6176
65459,1718.4175,19.1566
66616,766.7437,19.1414
3596,646.3937,3.1108
28752,837.1529,8.3225
3781,1219.7331,3.0466
70797,404.7777,21.4066
57337,322.9848,16.5512
64952,332.9056,19.3108
3354,580.3846,2.8864
69992,974.4832,21.3979
55602,658.1554,15.9771
29681,429.0761,8.2979
58754,133.0607,16.0698
60203,267.0417,18.273
53835,297.5884,15.436
5668,1076.6377,3.2245
72151,622.9577,22.8677
45235,634.2708,10.8386
18918,377.3201,3.2552
57666,142.0282,16.5634
12782,542.322,3.9984
61122,346.1307,17.5644
69210,416.8414,19.3941
30865,189.1233,8.3721
70038,438.7296,21.1732
64452,610.813,18.3165
35764,369.9975,9.9523
56135,529.1148,16.1369
57759,190.0062,16.6297
61349,1008.3612,17.6861
65068,1011.2486,19.1054
45484,261.1599,11.464
2934,1086.6933,3.5951
31200,281.1497,7.5157
50998,792.2284,14.0797
57297,331.0978,15.9448
64105,252.932,18.957
42568,246.1813,13.2373
5040,653.1244,2.888
33056,148.0427,8.2873
59908,300.9798,16.5801
3674,697.4638,2.9508
19024,149.0743,5.2893
3786,720.4682,3.1203
10191,315.1955,3.5836
10126,367.2687,3.629
69711,542.6956,21.145
10066,603.5349,2.9217
4479,791.4919,3.1186
58524,261.0426,16.3326
65535,1228.5892,19.1483
60329,314.9029,19.1001
54061,222.0292,15.4431
54496,334.8662,15.7827
52993,250.0511,13.2713
70381,690.5831,21.3202
64789,128.9533,19.0553
72415,581.2236,23.1088
59161,402.986,15.8698
56003,283.0593,15.9802
64974,363.8958,19.0919
69087,261.0881,19.9003
70158,496.6987,21.7247
31893,243.134,8.8972
71899,545.2499,22.4327
68148,262.9129,19.301
60202,262.9108,17.4803
33198,170.0811,8.0436
72285,581.2304,23.1534
35907,544.3379,9.3135
61248,532.0311,17.7569
32700,249.1446,8.9649
43498,321.0786,11.9658
48794,299.0649,12.9813
58546,603.0156,16.7979
70075,836.495,21.1103
16377,592.3375,3.6101
61070,657.1369,16.6519
50518,260.197,13.6298
2819,603.4408,3.1201
4614,921.6817,3.1698
58532,543.0593,15.7029
19210,981.637,4.8243
7374,633.5088,3.078
45005,468.2064,10.3112
45989,325.1428,12.7536
41970,216.0583,11.2551
71310,314.9029,20.3729
60632,388.8735,17.8547
69399,308.8312,20.7187
63874,354.9006,19.4228
14417,472.2754,4.6714
61750,1359.4041,18.082
59635,298.9577,16.9174
31260,849.1756,8.4127
60409,413.0191,16.7464
24517,244.0533,7.4695
56321,427.0318,16.1114
55729,686.1769,15.8913
9965,350.2325,3.8232
2431,878.5772,2.9025
52764,659.1391,14.4765
49556,568.187,13.5507
47287,354.0573,13.0384
21344,168.123,5.9428
71946,627.2054,22.3483
35898,458.3086,9.3911
8414,730.5744,3.561
2974,519.139,2.8979
61195,723.0691,17.7996
49875,313.1114,12.9785
25806,250.0936,7.4854
69984,854.4786,21.302
48710,355.0296,12.7301
61538,326.9829,17.1837
70265,850.4708,21.431
58585,543.0544,15.9458
21404,295.1289,6.2819
30246,120.0904,9.8937
71346,261.0881,20.8354
17421,589.4617,3.3063
34059,179.029,9.466
42525,150.0774,11.3372
52703,354.0506,15.1564
72147,363.0548,22.4159
14736,834.5996,3.2687
3765,551.2984,3.7656
61302,430.0824,17.8264
54546,611.1025,15.4269
70192,890.5005,20.939
54926,410.98,15.6477
57547,157.0638,15.9614
58575,361.0001,15.681
69991,952.4371,21.2528
47065,291.0849,12.9567
70186,828.4989,21.2317
70592,372.7519,21.3681
66619,526.8316,19.1615
47216,341.174,12.6628
27617,342.1093,7.5201
14503,568.5664,3.1539
2586,990.6663,2.8936
61430,306.874,17.9773
34916,1195.8208,8.5732
70150,314.7946,21.1914
69833,818.5241,21.0825
2223,1191.7009,3.1388
32620,453.2319,7.5571
55730,513.9451,16.1249
12899,604.3541,4.0311
50232,457.2771,14.319
21623,365.1611,5.7222
58529,467.0632,15.8848
47025,72.0807,13.1845
56688,530.1248,15.2651
57403,150.0137,16.6083
70298,912.4632,21.1746
28469,261.1211,6.9396
3623,508.3639,3.1463
16868,223.0637,2.9664
70284,714.5484,21.3398
73142,650.959,23.895
17165,782.5539,2.9937
4868,707.3035,3.1891
54507,400.0071,15.5657
70942,592.8033,19.9351
31461,294.145,7.6978
70033,370.7571,21.1564
59526,405.0141,16.0873
40738,450.1937,11.1054
3269,632.1533,2.9257
49775,182.094,13.5801
35174,212.0329,10.2183
57899,112.089,16.6154
26495,611.0958,7.9024
27169,442.2215,7.738
52188,490.0987,14.7282
29576,586.177,8.2907
69744,476.7284,21.1887
43792,218.0458,11.2396
26834,694.1693,7.7759
72145,285.0757,21.8701
15605,964.78,3.2936
72150,481.0266,22.8187
45981,536.199,12.616
5918,1005.6115,3.4621
71295,90.093,20.4242
52829,309.0886,14.759
35859,227.0291,9.92
72083,363.0509,22.789
57090,346.1909,16.4902
72046,651.0801,22.7317
52742,521.1757,14.3658
46927,76.0942,12.967
19938,1192.8022,2.9675
6227,563.5399,2.9314
23556,530.3187,5.6289
56687,508.1425,16.2268
49809,226.0799,13.553
3085,430.0883,2.8744
9086,695.2801,4.1799
47154,211.1054,12.9465
38429,373.2808,8.6578
5011,600.4684,3.2489
62681,742.7575,19.1741
55577,680.1501,15.8643
66703,328.8467,19.809
46071,281.1473,12.7176
60565,775.1855,17.5044
70317,648.5768,21.1771
57338,324.0632,16.1965
69800,286.8493,20.7097
16036,615.4982,3.172
44385,204.1343,12.0598
22067,229.1547,7.9676
32625,477.1767,9.5986
3998,423.3622,3.0856
59639,405.0174,16.6379
34086,412.0988,9.5405
70460,538.6806,21.3184
45001,104.0528,11.904
58033,272.0965,16.7327
47411,174.0386,13.0027
34540,484.1803,9.4131
6116,621.3599,3.7084
27343,903.2411,7.8187
7170,526.4315,3.0963
50263,218.0458,13.503
49590,256.0906,13.7323
67630,672.76,19.3557
40827,1430.1013,10.9955
61616,624.0005,17.8262
3735,511.3743,3.014
37017,210.0502,10.2586
63291,592.8093,19.0729
35227,278.117,9.694
59170,684.2678,16.3999
56101,260.0533,16.1768
52784,661.1346,14.6119
70441,592.6102,21.3313
16382,708.5117,2.9993
31460,401.1142,8.6561
70304,660.6187,21.3165
42219,391.1202,10.1426
44438,157.0606,12.2021
60299,290.1461,17.4088
61876,1170.4141,17.7405
70164,630.6172,21.2074
31007,470.168,8.5396
8000,368.2792,3.4393
17685,318.1812,4.9729
62848,694.7589,18.7761
59637,342.9218,16.9503
38253,205.1183,10.1395
66620,412.816,19.3975
51612,471.1937,14.5123
56663,324.9961,16.6231
39535,189.1234,12.8268
50930,608.0145,14.1819
36515,252.0254,10.2295
68554,1162.2605,20.0054
70726,428.7963,21.1821
72129,130.0878,22.7473
69231,157.0641,20.6765
69159,242.8845,21.395
60963,701.0869,17.7924
70254,576.6428,21.1536
5899,765.3456,3.1798
60255,335.0115,16.9565
70793,420.7517,21.4004
43435,803.2312,11.1182
39439,699.1482,11.1393
60291,490.9917,17.4588
70026,298.8182,21.4847
18596,572.371,3.4422
43620,135.0276,11.8755
43297,159.1492,9.6485
57298,362.9818,15.9502
18478,257.1498,5.1227
54551,338.0811,15.5381
71636,175.1187,24.0435
70073,814.5129,21.2688
17556,279.1317,5.3502
55094,358.0292,15.9531
59166,502.9482,16.1652
29768,605.2852,8.2958
28510,55.0178,7.9972
8822,629.4777,3.0807
10779,1326.9037,2.9948
28348,627.2672,8.2728
54677,316.099,15.6689
26346,525.2103,7.7837
44843,487.8698,12.2205
16531,328.1269,4.7649
71996,358.102,22.7685
60438,602.9352,17.4676
14606,814.4686,4.3058
69194,282.8772,21.0276
28475,414.0991,8.4934
70281,752.5426,21.3079
38509,254.1113,10.9111
59919,791.1592,17.2519
42685,975.3838,11.1117
6275,579.1058,2.9059
1987,697.5191,2.8307
2447,995.6224,2.9356
71500,115.0889,22.0123
8278,283.1753,4.6244
42086,529.1687,11.3312
3262,688.5204,3.1112
49629,147.0441,13.7271
42432,1014.3189,11.1446
55629,200.0488,15.6362
29814,344.2278,7.706
5103,1175.7756,2.9712
52738,870.2262,14.7646
71745,162.9103,22.4025
30522,451.1155,8.4269
37620,640.2213,8.4825
69471,388.8038,21.3476
60022,340.9749,16.2271
65427,636.7931,19.1558
38173,425.8874,12.7804
54799,169.0583,15.6795
66705,368.8395,19.7775
3057,129.0182,2.9677
69176,504.8371,19.4004
69217,242.8811,21.1901
61311,723.0782,16.4286
15363,344.2543,3.9237
57582,261.01,16.487
29541,1193.328,8.2794
8475,570.3553,3.4684
43606,365.055,11.8715
59640,448.9833,16.101
17253,701.2886,5.1568
7681,543.146,3.3865
19236,826.5388,3.2404
54441,106.0684,15.5235
71941,357.1689,22.7699
58095,288.9438,17.2684
56232,177.0246,16.1488
58583,494.1126,16.0091
45885,198.9743,14.4955
71646,184.8906,21.8779
16063,732.5535,3.54
72146,297.0473,22.8187
35373,732.1203,9.7476
16880,350.2069,4.541
36367,161.092,11.4555
36909,520.2021,10.2152
39062,456.1444,11.294
70159,576.6484,21.2232
50001,441.0567,13.6665
22866,556.2803,4.1171
59670,240.9702,17.2581
58016,292.0703,16.6436
57512,275.1716,16.4994
43243,522.3556,9.8594
46356,368.1848,12.5033
3256,655.4419,3.0744
12877,576.402,3.4465
16693,233.1496,4.8311
8126,760.2009,2.9437
70301,496.6886,21.2687
60875,689.2111,17.3812
59183,321.0684,15.637
69993,988.3939,20.9784
36560,264.1014,10.0734
69983,814.5219,21.2174
32197,632.1365,8.352
60584,582.9038,16.9446
41928,216.0801,11.1325
52158,261.0881,13.7217
41257,505.1964,11.1143
43073,234.0408,11.795
6823,373.0803,2.9038
50708,919.1679,14.1987
70571,104.1068,21.2802
34321,139.0501,8.0422
19495,700.5276,3.3811
58967,263.0132,17.0175
29481,781.2335,8.2912
52808,637.145,15.3459
43604,405.0476,11.907
70356,552.6564,21.2196
38346,112.0505,11.5696
36553,344.0886,9.9489
37125,771.2327,10.2258
70342,774.5507,21.2121
36845,1188.5268,10.0928
43364,515.1607,11.1214
54384,380.1069,15.6843
27734,660.4291,8.0346
57336,298.101,15.982
56844,257.0779,16.6195
55219,530.0915,15.9723
30750,643.0945,8.3377
39202,529.1839,11.2162
26924,548.3714,6.5656
42835,992.3368,11.1573
63050,625.7891,19.1753
34639,674.1045,8.4372
70405,712.5502,21.3641
21864,153.0658,5.5672
56456,264.0267,16.2068
17484,494.3477,3.2426
52739,1010.1728,14.8277
60575,371.0361,16.1663
9188,446.1198,3.0287
60368,277.1085,17.0436
70740,614.6303,21.4016
63585,592.8168,18.9859
72073,267.059,22.7788
44958,434.1628,11.5148
42201,212.0588,11.5152
59040,492.9553,17.1127
20356,141.1022,5.8146
32980,451.0581,8.3034
72037,337.0412,23.6365
40687,1685.6825,11.1175
13737,589.5556,2.8912
64251,358.8989,19.1127
41434,742.2979,11.2244
32805,407.1893,9.0803
3408,1008.3397,3.2175
2225,895.5417,3.0683
58916,206.9447,16.824
6254,397.3059,3.3631
29991,1189.3757,8.4285
57974,314.0681,16.7158
37095,288.1554,10.5426
1420,482.4053,3.1881
33894,626.1859,8.3923
58953,266.9643,16.5107
5569,782.4745,3.1727
10171,328.1908,3.5557
5275,702.5072,3.1274
50241,351.156,12.3442
40428,239.1057,11.0891
52358,324.0156,14.8761
1592,477.2708,4.0978
58210,596.0759,16.5057
69197,356.863,21.0036
57387,321.0105,16.4159
7869,730.4889,2.8965
3226,834.6146,2.942
67218,800.7061,19.2964
42523,712.2705,11.1342
56791,184.9822,16.3534
4253,873.5824,3.0131
70367,510.6761,21.1948
43064,279.0601,11.1319
31334,124.0393,8.1207
22819,421.1735,6.8598
28612,255.1374,7.7605
70811,436.7256,21.4062
2861,727.1435,2.8406
19312,203.1389,7.1232
62986,1016.6721,18.607
70409,554.6543,21.1886
52091,330.0732,14.2115
4234,684.2029,2.9667
45645,205.0972,12.1056
28291,428.2053,8.4166
55825,657.1825,15.8837
61131,679.1127,17.4023
33548,825.1972,8.367
6818,1222.849,2.9911
17578,385.2444,5.4719
4117,611.1843,2.9457
34943,847.1789,8.3809
61457,308.9724,18.6005
55717,723.1278,15.9128
54683,239.1061,14.49
3272,1200.7761,2.9923
10154,768.5902,3.3599
68388,284.8795,19.5351
45473,339.0622,12.3814
70273,974.4091,21.4078
27447,217.1546,5.9986
49497,590.1689,13.6343
2734,788.4808,2.9323
71526,356.856,20.9411
60520,737.0934,16.9982
46936,398.184,12.8866
31631,446.1625,8.5705
12169,372.1007,3.1103
71936,317.1765,22.7604
59311,454.9291,17.5918
70767,460.7442,21.4058
60510,764.7392,19.174
35180,283.1325,8.2998
5643,702.442,3.4299
7903,857.3603,3.6023
42696,738.2073,11.3539
60864,650.0338,17.4281
33561,624.1899,8.3677
70883,160.9012,21.4391
56646,184.9797,16.2814
3682,527.3583,3.0606
13052,495.1642,4.0608
62015,328.8598,18.3822
70410,652.6128,21.0957
31168,981.6368,8.1088
3748,1158.788,3.1805
30244,430.1368,8.3467
70168,636.6514,21.3828
54533,633.0845,15.4439
36611,187.1077,11.7657
61201,468.9237,17.8037
50496,385.1287,13.5808
26841,250.8919,8.1482
6944,965.6627,4.0804
20656,187.1077,7.5358
56207,248.1606,16.0937
49542,388.2301,13.6624
3254,815.2141,2.8875
57132,218.1499,16.4216
53023,196.0693,14.8626
16938,453.3435,4.782
53004,243.1089,14.1717
69438,266.8718,21.6338
54981,255.9786,16.5388
25535,255.1493,6.962
38416,181.0097,10.6749
51339,136.0756,13.7533
4778,838.6393,3.0045
60060,769.1874,17.924
52442,238.0745,14.8557
2279,634.4525,3.0726
37009,166.086,10.1845
45556,234.077,12.3525
32580,269.1075,8.9753
71942,463.2821,22.1429
61918,1175.3694,18.0095
70753,696.5761,21.3549
61168,130.0974,16.3702
72205,403.0474,22.8675
55502,404.0651,16.0476
2399,224.067,2.8752
45156,303.9032,13.0562
48144,328.063,13.2268
69879,754.5563,21.1005
57839,658.7749,19.0928
15691,313.1548,4.0772
70071,796.541,21.2366
29105,571.3932,7.8404
52035,491.1799,14.521
59468,870.7034,19.1549
47452,157.0419,12.8909
52711,352.0422,14.3667
46049,555.27,12.4826
58752,877.0717,16.0601
26080,267.1341,6.3886
14880,247.1654,4.3486
55871,701.1331,15.7455
1893,1247.7592,2.8184
49924,247.129,13.7728
57956,272.0374,16.043
55061,245.1133,15.7777
10320,607.3913,2.9502
53210,274.1875,13.5411
41260,132.1017,10.9793
49558,429.1009,13.7728
41017,737.2738,10.9455
69287,184.9231,19.6863
57642,510.9486,16.4133
57730,383.0025,16.6129
3384,752.6037,2.9566
52745,695.0719,14.5997
60136,576.1933,15.6313
4046,79.0542,3.4968
26566,205.0641,7.4981
72087,503.0056,22.5472
56665,346.9783,16.5474
56189,155.0428,16.1625
3727,385.2584,3.2867
40130,1668.1986,11.1483
60077,672.9066,17.3475
3866,1014.6727,3.0107
52762,892.2093,14.5368
39041,86.0964,10.9573
39391,754.2382,11.1233
49835,327.1585,12.7356
54338,402.0891,15.1732
2197,1200.7623,3.0417
66949,328.8503,20.2317
6151,808.5846,3.1875
70358,814.5053,21.2495
18542,354.2,5.1048
58873,544.9189,17.4192
55796,671.2213,15.9929
58769,313.0296,16.9213
70167,634.6137,21.2044
21957,317.1108,6.3988
29876,142.0863,8.172
45487,127.0502,12.5147
10441,219.1227,3.8412
70221,428.7123,21.3447
61071,669.0936,17.0705
25516,131.0161,7.3783
70390,850.4813,21.1242
35763,348.0157,9.9002
3332,700.2342,3.0407
52345,234.9178,14.7811
70318,690.5684,21.2207
9439,939.5956,2.9252
66947,306.8671,19.7017
27441,521.2254,7.9337
73135,259.0791,23.0671
39187,499.1755,11.0771
696,564.359,4.1391
71945,625.2158,22.4484
26974,223.1077,7.1178
33469,389.1741,8.3244
2980,704.1928,2.9208
55970,231.0976,15.9748
68711,131.1178,18.8372
62668,390.046,17.1094
61629,328.8562,18.2036
3313,776.2324,2.8904
1,663.4535,2.9494
2901,613.1642,2.8823
55935,619.0749,15.9689
46276,215.139,12.4238
60170,284.8951,18.2182
43450,295.0505,11.8247
44632,191.1026,11.9079
28077,435.0841,8.3752
58920,305.0064,16.9301
61079,759.0182,16.3985
61307,368.1128,16.3075
17981,261.131,4.9989
45292,531.8241,12.3697
2637,754.6192,2.9836
60650,305.001,17.2853
59909,302.9756,16.4549
29627,827.1936,8.3829
25558,124.1121,6.558
71434,274.9944,23.5242
26968,120.0654,7.4407
70190,866.4547,20.9135
60100,759.0751,16.962
4115,380.2794,3.2727
47891,446.081,12.9644
62736,1118.6006,19.2793
70032,356.7842,21.3682
72058,147.1141,22.9154
3853,643.4326,3.1605
17966,80.0494,5.0127
8825,536.5404,3.2344
27248,672.1875,7.8547
26620,633.0783,8.0058
60656,446.9467,16.8531
3608,963.5653,3.2927
51083,911.1138,14.0501
14159,355.07,3.0731
56940,325.1664,15.5266
34024,668.154,8.435
61436,1093.2965,17.4124
38174,376.2593,9.9806
42517,548.3714,9.7049
59165,462.9547,16.2418
55714,509.0401,15.9268
5706,832.5847,3.1413
2154,1035.5873,3.1086
54933,600.2092,15.332
44247,428.2057,11.2889
23800,554.2077,6.8371
4492,935.3909,3.0869
60408,408.0344,16.0942
70536,614.6431,21.252
70481,730.5224,21.2688
63872,274.9148,18.9868
56625,290.9442,16.2713
58069,527.1686,16.2123
40675,753.2587,11.0906
73126,197.1047,23.6403
69302,180.906,19.9979
47006,124.0999,12.9298
47116,481.1961,11.1974
32517,312.1111,8.967
30442,455.217,8.3906
47191,354.1771,11.654
40108,745.2713,11.1216
46065,315.0851,12.6583
3955,115.0753,4.0141
49117,275.1352,13.6595
53973,417.1429,15.3927
23438,384.174,6.7235
61063,346.1328,17.7542
9323,335.2582,3.4942
22836,319.124,6.2558
58440,360.9963,16.9958
34607,391.1196,8.2895
12187,877.3494,3.3829
30655,416.1517,8.4387
61825,482.823,18.6704
71374,274.9105,20.6605
33248,841.2284,8.4083
33241,387.2713,9.4308
4573,591.5713,2.9238
69972,592.6223,21.1798
65167,1385.7041,19.0997
47832,368.1663,12.8201
50866,581.1403,14.2556
12326,399.358,3.8915
21548,297.1422,5.884
28950,248.0354,7.773
43994,472.1639,11.158
69351,72.0807,20.5686
70243,630.6044,21.3567
47179,231.0976,12.9899
67757,284.8932,18.5608
57778,574.0943,16.49
58655,587.0126,16.8203
66126,1158.5913,19.3091
60637,565.0306,16.9421
3860,787.5396,2.8755
47156,227.0793,12.9433
29329,477.199,8.5014
3728,707.3987,3.8857
70868,420.867,19.8668
44122,212.0329,11.9693
38670,250.1286,10.5683
61264,887.01,16.7814
71959,673.0622,22.7585
65803,348.0463,19.6792
56664,340.0055,15.4085
26580,650.2055,7.8842
56301,395.161,15.3799
11830,897.6579,3.8045
51661,537.1951,14.5243
4049,944.7545,3.1663
28312,146.027,8.0549
63690,976.6792,19.0987
9771,554.176,3.2
72182,129.1048,23.6586
34535,171.0764,9.547
65251,679.9161,19.019
49094,485.2752,13.578
27208,211.0789,7.7746
64313,504.8424,18.7198
71940,353.1473,22.6928
26128,318.9505,7.5152
56703,134.0811,15.8004
3968,1175.7417,2.9667
60210,447.0276,17.2979
3599,686.4841,2.9475
3736,752.5096,3.1505
38442,160.0248,10.6755
70510,658.6205,21.3554
60258,781.0571,16.9119
59544,544.7804,17.9363
8648,1236.8473,2.918
64490,522.8059,19.3652
9510,811.55,3.4779
19647,762.5281,2.9675
57421,368.0277,15.7987
34529,136.0396,9.6286
42421,716.225,11.3226
52032,469.0085,14.6792
51631,473.1694,14.5019
5510,1212.7897,2.939
28778,376.2593,8.0561
58985,241.0312,16.9975
15410,181.0494,3.2813
61124,613.1667,16.7529
33146,869.1609,8.43
42114,429.1335,10.59
70684,478.7164,21.3853
32529,427.1177,8.1222
3117,915.5981,2.9606
5189,1221.7546,2.9963
70825,314.7876,21.4039
37209,167.0895,10.2626
14759,885.3679,2.9084
25102,723.4582,7.2815
27423,525.2589,7.8204
53755,755.2534,15.4214
71909,367.1783,22.6045
56662,317.0398,15.5101
55662,659.1716,16.2094
57701,507.1327,16.1403
4935,671.4308,3.1429
67609,1113.632,19.1795
32977,376.2012,8.7491
30195,730.1668,8.3588
64319,719.9087,19.0465
25452,607.3447,6.506
9669,722.508,3.0785
5873,443.3884,3.0004
58727,285.0292,16.2626
60264,469.0096,17.4279
70619,306.8583,21.2542
52783,672.0927,14.7605
48291,473.1792,11.229
60209,435.0017,17.2751
71937,331.1654,22.8813
22000,439.1621,6.9787
65717,308.978,18.7753
70216,892.4529,21.1456
9842,878.7436,3.3065
46442,261.088,11.1494
28027,680.1534,8.3029
48132,594.1587,12.3504
53805,550.2057,15.3413
4413,520.509,2.9922
57367,401.1058,15.6453
50862,1349.2072,13.932
63402,252.9334,18.9824
50884,686.0982,14.1956
61109,679.105,17.7563
33770,268.1327,7.7767
61169,715.0384,17.6848
61224,579.1959,17.7794
58777,321.0074,16.7229
19540,852.5515,3.1308
53264,162.1124,13.6705
2903,706.1719,2.9137
70459,514.7002,21.3215
18843,680.4804,2.9709
5062,599.3793,3.4662
70154,372.7584,21.1998
54146,495.1206,15.4493
3731,713.4778,2.9151
55997,482.1155,15.9894
55789,635.2005,16.0617
72003,695.0438,22.8861
34609,570.3553,8.7035
42167,196.0638,10.8782
5068,630.1923,2.894
46138,432.2084,12.4658
37697,637.3553,10.4973
66796,1268.5811,19.1424
6456,550.5561,3.1698
8329,612.1639,2.9083
26998,360.0076,7.8245
9070,299.0618,3.1054
58366,324.0366,16.8604
13137,172.0967,4.2918
2488,611.1687,2.8629
11329,297.0826,3.2097
3010,537.1498,2.785
37151,584.172,10.1657
30250,430.1311,8.4191
69701,372.8932,19.5453
42603,921.3622,11.1366
7636,349.2372,3.3773
35592,261.0905,9.8225
47836,494.1578,11.1414
7982,858.7179,3.476
43912,526.8434,12.8295
2690,622.4829,2.8329
53528,511.0966,15.5632
70800,338.806,21.4167
47582,116.071,13.1598
37870,662.2033,8.7375
66544,770.7012,19.3194
3406,605.4563,2.9213
47337,374.1868,12.8098
41732,271.1437,12.7819
24442,227.1754,5.4486
23723,326.1709,6.6127
48200,284.0992,12.8982
59661,568.9322,17.0942
34053,335.0691,9.407
62328,1337.4221,18.2185
52778,309.0906,14.9896
51940,303.1777,16.5049
27285,259.1079,7.4357
70052,630.6115,21.7464
10408,631.4932,3.0629
49929,234.1085,13.7097
42158,88.0757,12.3735
62957,142.9385,19.3902
51660,515.2131,14.5258
70398,974.42,21.0313
3496,532.3747,3.3284
32357,507.2539,8.0413
47192,233.0874,12.9174
70031,354.784,20.9319
2419,1082.6929,2.9204
54174,388.0579,15.6027
5393,1546.9145,3.3251
51646,748.2826,14.5236
69971,578.6447,21.1141
40977,793.205,11.1477
46426,218.1136,12.8258
69965,454.7064,21.1189
18568,220.1002,5.1767
50087,134.0811,13.9407
45633,297.1592,10.925
50624,306.081,13.2102
49603,182.0809,13.7471
10345,590.3219,3.7211
71308,486.8389,20.2188
61078,715.0536,16.5187
59905,245.0593,17.0509
69138,88.0869,20.1524
58736,565.0428,16.2012
52154,204.0979,13.6489
3657,1040.7315,3.0205
68714,142.948,19.7305
21450,410.3416,3.3491
32974,414.1902,8.3969
24409,393.2859,6.3313
52841,331.0701,15.7864
6615,724.3304,3.4469
67190,284.885,18.6951
38435,159.0275,10.6868
63410,804.7508,18.7415
42970,291.0695,11.8073
4185,1036.772,3.022
4057,1342.9265,2.9314
3412,609.4113,3.0049
54383,375.0902,15.5067
70157,494.7004,21.2913
38182,361.1428,10.2341
65498,804.7318,19.1653
44239,152.0567,12.9599
51679,493.1757,14.5259
3743,748.515,3.1238
70290,836.4866,21.2255
51409,338.1824,14.4755
60719,176.1027,16.1219
3091,1225.7952,2.8966
71119,396.8483,20.7582
44139,446.2244,10.3451
33222,134.027,9.1449
44520,343.0602,12.4867
63684,716.7424,19.4154
62932,372.8681,18.4746
27657,425.1385,7.787
56473,400.0638,16.0586
30679,235.0745,9.9444
66537,350.8698,19.3728
53961,339.1077,15.7716
6584,376.2592,3.2347
55212,264.014,15.4315
8496,237.1235,4.3258
71095,354.8953,20.0632
43589,133.0317,11.8929
31017,512.2386,8.3946
72005,169.0947,22.7457
2517,686.463,2.8897
7970,1009.6895,3.5678
49261,313.0911,13.5945
15289,981.6371,4.0723
46048,152.0681,12.6973
2813,762.1796,2.9222
34674,136.0744,9.6089
16718,780.5384,2.9816
40857,771.2229,11.1278
49272,205.1183,12.9292
30549,290.8844,8.7323
71461,116.0706,22.2361
17416,601.5192,2.9302
61082,821.0633,16.2538
2001,997.5175,2.8284
72303,144.9273,21.2803
52834,694.0746,14.9063
32848,382.0576,7.3994
70195,928.4564,21.2082
4068,738.5881,3.0236
2876,527.3005,2.9058
52481,564.0504,14.219
34800,863.2103,8.4324
68823,156.0796,20.7782
68671,270.885,19.3821
60777,424.9648,18.4719
28659,276.1344,8.3027
26202,294.036,7.8344
57473,102.0549,15.3722
54909,289.0796,15.4697
36894,326.1114,10.2861
53503,444.8868,15.2852
70396,914.4803,21.1572
12395,479.1905,4.1218
50664,320.0911,14.0777
34434,463.1605,8.9506
70323,768.5166,20.928
20857,116.0165,5.7872
54076,285.996,15.4249
26908,249.035,7.8041
72025,307.0514,22.7704
32378,223.1078,7.9228
27163,716.1512,7.8487
71502,133.0997,22.0571
15067,444.332,3.5841
4923,1116.7335,2.917
15610,330.2388,4.2168
32428,1064.2176,8.426
57716,348.9914,16.5351
50860,348.0703,14.1909
70272,958.4349,21.3508
59344,564.7553,17.2674
27041,420.1508,7.6082
72040,503.0082,22.7517
26107,170.9698,7.5138
47473,214.0427,12.646
6344,729.2905,2.9837
17589,313.2163,3.4175
16644,281.0956,4.6282
15991,141.1022,4.8651
51655,384.0656,14.523
55663,497.0719,15.9558
72012,425.021,22.7731
70341,914.4609,21.2708
3023,898.5903,2.9156
70616,290.8844,21.0677
70664,184.9199,21.302
49771,183.0781,13.7292
55705,679.164,15.9982
25397,107.0855,6.7149
64515,544.8359,19.7499
20539,398.1896,5.6191
2801,741.1953,2.8874
52186,534.0628,14.7397
71064,552.8109,20.0165
4269,587.4449,2.998
26096,364.0914,7.5187
58588,565.0358,16.0377
6560,393.2858,3.2456
27269,457.1074,7.7726
39759,198.0873,10.7677
40178,1041.3293,11.0887
56165,120.0654,15.2152
3821,407.2406,4.0069
45940,492.2225,12.6781
71088,306.8638,21.0431
54915,276.1667,15.9233
71951,315.1878,22.7464
7009,1347.896,2.9677
20458,821.466,5.4717
58820,304.1616,16.9057
55501,358.1221,16.2371
9088,536.1656,2.9391
10284,321.206,3.5884
13133,621.301,3.4876
49491,610.1622,13.525
70751,316.7856,21.3911
60371,321.074,15.926
70151,316.7917,21.1851
22109,354.1634,6.0058
7612,804.6093,3.2649
18529,648.38,4.0252
39582,149.0597,10.2656
4556,521.5124,2.9923
7922,800.6161,3.521
24092,358.2072,5.7313
3177,513.3429,3.3055
70041,492.6984,21.0839
70701,698.5744,21.375
10612,647.5034,2.9143
60166,293.0846,16.9497
54853,389.1212,15.4045
45090,201.0247,12.1725
27958,366.169,8.2436
10448,324.217,3.6437
4797,1348.8995,2.9635
72002,191.0767,22.7679
58256,357.0557,16.8386
4529,411.3257,3.2773
13130,565.3624,3.9304
65148,274.9105,19.1325
66870,142.9405,19.0903
55432,360.15,15.8524
57668,164.0103,16.506
56429,401.0481,16.1517
41311,112.0757,10.0249
43593,152.0541,11.894
23887,249.1268,5.6641
40625,1829.7598,10.9274
70369,552.6661,21.096
58269,335.0739,16.8422
14627,490.2907,4.1869
60671,261.1559,16.7736
28949,885.1349,8.3812
18827,220.0968,5.127
27763,367.2258,7.7777
36190,317.1823,8.6777
61119,821.0457,17.6256
12044,207.1591,3.8941
52770,311.0662,13.2124
61172,464.1289,17.5972
2455,581.2383,2.8872
70245,232.845,21.0528
8466,546.4005,3.2456
49559,437.1328,13.694
23527,79.0212,6.7124
4500,891.3652,3.0997
70646,266.8658,21.3276
57793,185.9939,16.354
60812,672.016,17.2259
44715,664.1162,14.1209
55726,216.0632,16.0172
5832,680.3049,3.9603
46807,459.0955,12.9334
55872,708.1585,15.9745
2402,903.3981,2.92
48838,922.4236,13.4356
14657,1194.8169,2.9286
26115,926.8467,7.6465
60378,718.8784,17.4669
16917,263.1426,4.8172
72086,481.0221,22.789
69198,396.8556,19.849
13344,532.3847,3.4308
38433,392.0974,10.6775
26749,674.2031,7.8175
3090,299.0795,2.887
71904,257.9678,24.3359
53096,132.0767,15.2018
15803,702.543,3.5866
69966,492.7025,21.5924
59764,455.0528,17.2496
62363,399.1443,16.4028
26150,358.0833,7.5459
30504,374.2284,8.4809
70261,752.5535,21.0936
8630,323.1853,3.1048
17631,458.2285,4.9283
21331,89.0597,5.731
37664,385.164,8.374
2630,918.6453,2.9104
61073,679.1191,16.6391
61556,522.7985,18.4032
49451,654.1392,13.4794
10610,140.1182,3.6428
47835,370.164,13.3084
3246,732.5467,2.9669
32816,196.0635,8.2923
46705,656.2527,12.1875
33517,242.15,8.7358
21739,438.2323,7.0659
54310,96.9217,15.4657
70173,714.5632,21.0704
71902,629.0981,22.7026
61166,205.0817,15.991
29565,976.2901,8.403
65716,304.0849,19.2215
72857,130.0862,22.8601
37497,175.1077,9.9653
72148,385.0358,22.7705
19815,410.2902,3.8734
70482,934.4453,21.2368
43608,234.0148,11.8968
2234,935.534,2.969
53530,451.0829,13.7141
16115,111.1168,4.1382
38161,643.2718,10.4151
16943,606.488,3.0084
2545,515.3492,2.9348
35029,536.3081,9.6778
44083,394.1695,11.8533
59636,320.9396,16.4555
55703,460.1335,15.9853
69806,560.6742,21.2637
15776,644.4945,3.1584
10327,1070.7207,3.5607
72016,129.1036,22.7626
71906,377.1621,22.7284
67748,688.2274,19.7583
35053,550.335,8.6412
3885,857.4978,3.1225
55359,381.0793,15.9459
55254,347.025,15.8741
55632,209.0532,16.0014
70902,176.8752,21.4515
57359,134.0448,16.1576
56527,467.0535,16.6689
26404,303.0191,7.444
29727,805.1934,8.3201
70174,728.5418,20.9905
56260,178.0086,16.1749
58376,639.0745,15.8094
2943,695.4368,3.1441
61101,713.0429,17.7488
70056,646.5844,20.3722
56932,563.0524,16.1462
8562,345.1806,3.7501
59580,592.8033,19.0788
10629,977.7443,3.3764
59751,433.0707,17.2449
3394,727.5108,3.0616
54372,361.0595,15.5045
26657,215.139,8.7248
46110,548.155,12.7085
54681,146.0924,15.5976
63875,358.8977,18.6888
9802,446.2597,5.1076
40562,477.2043,11.0947
6404,750.6181,2.9423
70030,316.7901,21.1406
36825,89.0709,9.5711
71043,298.8136,21.4324
15259,164.074,4.4314
64027,636.8071,19.3304
70077,852.4696,21.0538
5901,377.3261,3.3671
31572,485.2719,8.094
26114,910.8732,8.0571
58778,326.9855,16.3706
17978,109.1011,3.3805
11930,228.1595,4.0866
62439,1381.3863,18.338
70029,314.7917,20.7898
54358,366.0761,15.4582
58779,382.9821,15.9277
71294,89.1089,20.8008
26155,466.9311,7.4421
2658,620.467,2.9143
50479,897.1861,14.1652
46745,343.8956,14.2259
19547,312.1531,4.9887
55550,387.1906,15.9111
40850,740.2846,11.1294
3328,1081.7158,3.2331
55676,411.1031,15.3937
59498,470.9652,16.0743
53109,350.905,15.0342
12077,832.2406,3.1502
71241,95.0623,21.8909
22003,300.2018,4.7849
47753,237.9733,13.1401
40916,279.0576,11.1159
52810,332.0689,14.9904
47123,341.1035,12.8886
60151,630.9502,17.3766
27196,399.9999,7.8126
5699,1414.8367,3.2491
25054,162.0583,6.8337
46441,398.2136,12.8274
743,371.2276,4.5933
58284,494.9217,17.1346
38798,103.0542,10.318
61259,723.0825,16.3193
5281,1463.8184,3.2138
25941,345.2148,7.6437
2761,885.5467,2.9277
54578,672.1807,15.5455
25282,816.5108,6.8175
66630,306.8519,19.3791
29721,197.067,8.3033
51049,193.0819,14.2317
71944,605.2233,22.6985
54427,192.0243,15.5023
70180,770.5301,21.1114
41006,759.267,11.1365
70708,444.7703,21.3745
6627,729.2879,3.4285
31503,443.149,7.7848
2467,1212.8186,2.9316
55073,89.0709,15.8077
55873,723.1146,15.9406
27455,499.2433,7.8513
63172,164.9204,19.3949
16436,338.3419,3.2014
71943,525.2564,22.4519
2266,1500.9192,2.9704
61330,496.0543,17.8319
55716,701.1457,15.8445
3326,836.5518,2.9422
2562,938.6917,3.0292
11744,610.1841,2.9433
39238,200.0488,9.4561
55739,636.1737,15.9464
26154,320.1275,7.5183
46200,337.0669,12.6152
41823,667.2323,11.4088
9318,1502.8889,3.1478
54148,475.1019,15.6932
4533,960.7499,3.1555
46999,376.2018,12.7971
59076,147.0762,15.6957
5188,1036.7241,3.2615
70196,972.4198,21.2735
34636,331.1184,9.5943
60616,288.9498,16.6234
46148,467.1452,12.5737
48491,389.034,11.2045
55399,454.0937,15.9424
62975,420.8736,17.4869
59055,689.2269,17.6247
40201,1525.2873,11.0746
17120,962.7647,3.3527
35514,241.1218,8.3252
17688,358.1972,5.6085
18835,318.1659,6.652
60355,277.1032,17.4615
32802,429.1334,8.3592
73314,353.9136,24.5405
34215,652.1226,8.4463
45241,485.1969,12.6848
4324,853.2494,2.9658
61456,1079.2628,17.4469
4742,780.1906,2.8898
2717,619.29,2.953
58369,357.0607,15.8006
65720,348.9721,19.2234
3967,827.5471,3.0327
47824,323.0625,11.2266
48196,289.0844,13.2311
57964,427.095,16.6673
23964,256.1756,4.9382
50709,226.0451,13.7161
58788,295.0939,17.5982
31203,713.344,8.5517
69760,338.8096,21.3163
30132,361.9659,8.4146
46094,303.1292,12.6634
64708,372.8965,19.1307
70257,632.6093,21.1534
39325,523.1448,11.0806
71487,115.0866,21.9304
52830,703.09,14.5835
19200,613.4828,3.2286
5919,1282.7574,3.3995
43945,501.1824,11.1348
55237,369.0068,15.8478
6978,502.3741,3.1612
2780,248.059,2.9254
34718,137.0679,9.6361
2196,1244.7518,3.0149
55564,290.0599,15.9773
6252,780.5534,3.1632
38146,421.1735,10.0878
63503,910.722,19.1687
61126,635.1476,18.1952
38529,138.049,10.6784
28188,636.1902,8.2553
14295,1325.9,3.0465
70766,558.664,21.4066
27261,696.1853,8.0031
61267,390.0899,17.819
65086,846.7277,19.1356
58710,595.0413,16.7696
15337,344.2278,4.4868
52685,308.0912,14.9733
70816,542.6902,21.4038
60168,234.1449,16.8698
45889,412.2192,12.594
56524,268.0106,16.2201
58375,617.0933,16.1561
15959,1000.6562,3.2208
55658,531.0221,15.9606
7149,778.2307,2.9164
23724,387.2238,8.0887
58184,554.0534,15.9439
70072,812.5167,21.1141
61663,844.7243,19.1404
59018,96.9573,16.8181
38266,303.1665,10.412
60045,323.0653,16.3982
54662,638.3592,15.4575
40564,715.3033,11.0976
6044,920.7548,3.3182
48628,472.1758,11.1905
59042,208.9385,19.0397
20749,233.0956,5.2721
6867,1208.8325,3.0177
60019,279.0011,16.5768
2715,675.3526,2.9293
29498,588.1729,8.2829
25595,412.2101,7.3388
61159,486.1116,17.9666
47646,376.0393,13.146
39066,277.062,11.1256
38425,138.0428,10.6754
4171,1140.7338,2.9784
55530,280.0921,14.5418
24966,133.0859,5.2349
60643,266.9619,17.2116
42951,240.1031,11.0994
36791,546.1983,9.6772
7431,850.2509,2.9807
53532,424.9125,15.3414
57340,362.9781,16.3308
70306,692.5664,21.1547
49594,165.0545,13.7535
17433,593.3666,4.2047
54140,125.0709,15.0525
2095,776.5732,3.1169
54159,558.1445,14.86
32072,1194.8174,8.3854
52691,543.1578,14.5218
66305,756.726,18.9099
58665,564.8932,17.3036
3420,1343.9299,2.9831
64710,464.8511,19.4314
37895,380.8745,11.0637
46196,605.239,12.6939
61175,695.9535,17.5937
35385,688.1559,9.7764
35224,260.1606,8.4759
21591,431.2499,7.2638
53896,572.1875,15.4054
19048,196.0968,4.8216
4346,950.6337,2.9336
4549,522.5246,2.9935
54790,191.0403,15.6463
52773,330.0608,14.8287
39428,492.2104,10.8523
3024,928.2273,2.9316
31785,405.136,8.216
57973,292.0867,16.8407
60221,652.9321,17.3732
71229,128.9534,20.5081
57295,322.9883,16.0377
51643,513.162,14.5328
60696,313.1045,16.3376
47314,339.0878,12.9278
3396,834.5625,2.9399
69990,936.4619,21.0113
2115,975.5356,2.848
61158,735.0249,17.7588
40166,503.1586,11.1168
62944,1012.6358,19.261
20410,341.1805,5.7267
14578,415.2113,3.4106
58497,608.9946,16.766
60557,566.9007,17.5048
70513,618.6267,21.3327
22619,417.1801,7.0132
49044,507.2573,13.5191
40336,867.2558,11.1687
58906,500.89,16.1756
56460,286.0086,16.2607
72050,285.0695,22.7726
59673,470.9605,16.7249
64053,678.7845,19.1512
10642,336.217,3.6453
26934,440.2502,8.3202
16069,484.3131,4.4312
53791,90.0549,15.4316
27175,295.1653,5.9546
60061,791.1676,16.6966
68550,1140.2791,20.1467
47959,337.0724,13.1789
32749,516.3087,8.7234
46896,299.0954,12.7821
56095,354.0262,16.1598
54327,175.1077,14.3973
61055,854.9837,17.4997
46172,488.128,12.5798
30239,863.1529,8.3834
41937,507.1114,11.1665
3181,583.3631,2.9434
27306,421.1671,7.8358
55995,335.0864,16.0897
44745,447.877,12.26
50892,1033.1613,14.1829
65468,348.0431,19.1902
55775,265.0199,15.9915
43237,155.0452,11.8619
42680,322.1874,11.5777
42606,570.355,10.2385
52181,370.0521,14.2226
1186,556.442,3.1685
7144,309.1487,3.7223
55673,84.0444,15.6229
40792,1020.3502,11.1283
4519,899.6029,2.9363
37527,381.0859,10.7148
70756,574.6381,21.3666
5616,739.511,3.0463
3183,521.1183,2.9203
52663,396.0188,14.9333
27691,366.2419,7.8135
29806,413.1017,8.3066
17127,360.1952,4.8022
3434,1042.7039,2.9658
46096,457.2143,12.5814
33934,385.9844,8.4249
71897,380.0838,22.7232
59162,424.9688,16.5516
3761,1052.3659,2.8937
57819,185.9902,16.6151
6745,806.5684,3.249
3157,556.1732,2.8384
59776,335.0939,17.2459
2856,433.1856,2.9115
59210,826.7397,19.147
19399,385.2068,5.3283
6207,663.2774,3.1894
52872,390.0105,14.8045
62980,848.7312,18.1528
46777,106.0862,11.5986
72367,280.1245,23.4519
4025,512.416,3.1481
55416,527.1584,16.8378
61322,518.0363,17.8144
16015,1287.7132,3.6436
13259,833.5593,3.0673
38831,228.1343,10.1984
8725,353.2433,3.5227
70376,648.59,21.1821
57126,220.0669,16.3476
40569,783.2456,11.1012
56608,330.9366,16.2754
15716,1235.8442,3.0485
47022,301.1112,12.8274
21474,476.3066,4.2887
4173,869.3824,3.0172
38947,144.1018,10.59
8238,209.19,3.5273
63821,943.6931,19.1754
19649,362.1299,5.5491
3830,887.5621,2.9441
26543,438.2266,7.8014
59327,342.1461,16.8528
1916,1442.9143,2.9313
56499,150.0761,16.26
70359,590.612,21.369
69917,834.4981,21.0946
63180,750.7343,19.4686
46092,317.0804,12.7274
65174,340.882,19.1407
70237,1050.3752,20.9994
3801,984.6802,3.0402
3603,577.3851,3.0764
53827,578.2273,15.28
29926,1634.8082,8.5801
72088,600.9696,22.789
58744,629.0256,15.6226
26720,652.2212,7.784
30618,393.2859,8.5675
19967,477.2708,5.7494
61795,368.8522,18.3431
23790,171.1855,6.3203
35684,232.1181,9.4785
52101,447.0264,14.7082
14083,237.1698,4.1067
46929,306.1597,13.0865
70979,422.7498,21.4024
70569,818.5146,21.358
61037,635.1411,17.7522
7003,798.6006,3.1283
65240,1407.6871,19.0255
58200,379.0424,16.0168
35310,144.0655,9.6094
70431,648.5836,21.216
52790,659.1269,15.1966
45252,571.8165,12.5228
3770,1176.7752,2.9487
46199,454.1776,12.2214
54003,361.0897,15.7452
69962,300.8176,21.3001
25638,235.0805,8.9191
58632,798.1003,16.7002
70404,850.4625,21.2179
58161,468.0017,16.8548
35006,542.3217,9.2212
70270,936.4525,21.1274
63800,570.8207,18.7688
2587,846.4845,3.1382
46011,426.1897,12.3519
42801,781.2491,11.1117
72017,191.0788,22.7626
44711,192.9444,12.2713
50879,1011.1794,14.1322
40303,1429.9328,11.149
60943,737.0362,16.4631
70368,538.6923,21.2886
2674,785.5169,2.9025
34850,268.1041,8.973
10438,236.1493,3.6767
34687,329.182,10.1915
49384,184.0731,15.388
72234,600.9752,22.9163
58480,488.067,17.8057
27252,654.2369,7.7805
4945,524.5405,3.0467
42162,262.1439,10.2155
3134,281.0513,2.9491
33365,294.1006,8.9869
60055,340.9736,16.2041
55236,552.0732,15.7714
49532,453.1068,13.7319
53718,164.0294,15.1319
40986,753.2505,11.0775
9153,617.514,3.1733
65342,354.8953,19.1647
4217,766.5323,3.0529
15722,466.3164,3.1162
18140,830.5693,3.128
14542,1210.8106,2.918
59931,769.1773,17.3948
51592,484.0251,14.4613
40426,953.402,11.1031
48182,288.0873,13.272
58526,326.9895,16.402
52833,385.9926,14.3813
7441,577.5555,2.94
58955,310.9291,16.9688
51113,123.0553,14.3925
52997,258.1102,14.5225
21804,192.1594,5.1676
44261,188.0706,12.1296
33653,234.0197,8.298
29763,280.1214,8.1828
69055,502.8185,20.3031
61134,713.0493,16.2135
55749,152.0318,15.7668
51816,490.2621,14.2848
56032,349.0544,16.0903
8162,1184.9692,3.0029
54262,294.0202,15.3014
44267,137.0456,10.6668
43200,469.1863,11.7974
33490,363.1661,9.2045
5277,541.5386,3.0571
38055,596.1275,10.3458
54066,533.0787,15.5701
61769,391.0322,17.4513
63513,208.9413,19.2376
56048,282.035,15.9441
27272,463.1154,7.7655
71957,505.2573,22.7126
49905,104.1069,14.7112
70439,676.5925,21.2735
38407,295.0663,10.6759
3818,808.6661,3.1056
28794,448.1747,8.2168
66657,1184.651,19.1801
7129,1590.9406,3.2853
72180,644.934,22.998
19174,828.5538,3.1459
41858,299.0439,11.1416
37398,403.0675,10.2113
31063,685.4354,8.4257
67812,710.2088,19.9707
25551,148.0426,7.5522
72081,285.0735,22.0488
59143,669.0789,17.6913
47811,403.1145,13.1201
59160,325.1196,16.6008
21321,173.0783,5.9478
3335,560.3585,3.1409
70188,836.5043,21.0773
58344,446.0203,16.5272
37091,397.1109,10.2664
3509,489.0557,2.9129
35607,367.0689,10.5328
46005,539.2926,12.633
53605,340.029,15.2478
63997,1122.651,19.156
10936,226.1802,4.0745
66663,262.8881,19.3903
37954,546.3556,9.0053
52506,392.0341,14.1966
58528,445.0798,15.8328
37701,270.1449,10.8831
51799,451.1873,14.4285
6983,1375.7651,3.4012
17988,202.1438,4.4424
70242,674.5944,21.3421
27290,485.097,8.0649
27531,233.0609,7.7701
30728,1020.2535,8.3502
70027,300.8165,21.4053
43659,534.1225,11.1181
14033,180.1019,4.1874
48951,371.1221,13.1671
54164,267.0977,15.4612
48749,297.117,13.6005
4867,1018.7129,3.2741
32506,543.1871,9.5074
38916,1063.3117,11.0733
31383,423.0961,8.5669
35195,115.0866,10.2671
58930,899.0534,15.9703
50720,814.2104,14.1015
57546,142.0292,16.4088
5178,977.7468,3.174
8432,548.3713,3.4501
47409,540.3064,12.4189
55620,431.1257,15.9646
12114,728.5219,3.2131
4597,966.63,2.9121
52707,352.0552,15.0987
34473,214.1074,9.8656
70212,796.5325,21.2972
11486,474.2343,3.9485
55791,642.2137,15.8495
69820,616.6355,21.1218
66948,310.8829,19.4015
30754,221.0955,8.4578
4386,637.3028,2.8894
58922,335.0178,17.0714
14660,540.3064,4.0086
52767,364.011,14.163
71365,340.882,20.6361
59841,650.9242,17.4311
59975,289.1621,16.908
9598,333.2425,3.2052
71490,133.0971,22.0657
26802,462.1904,7.736
59041,532.9477,16.902
43757,255.0581,11.801
61239,602.0187,17.8064
72149,425.0301,22.7405
22686,151.0964,5.9545
17747,658.5102,3.0897
58574,346.019,16.9293
57240,371.9241,16.4663
55952,575.1109,15.8423
65434,1122.6245,19.1676
57598,336.1404,16.2291
59570,320.9337,17.1081
35994,349.1832,10.6584
28625,219.1339,8.6877
55645,475.0898,15.8657
43863,270.1063,12.8446
70725,560.6621,21.4124
19770,283.2058,3.5172
49897,437.1678,13.3696
36932,261.131,10.9475
34790,136.0841,9.5987
16696,702.2135,3.0348
5430,534.5248,3.13
2532,1152.7326,2.9189
61067,613.1738,17.6147
61104,522.8157,18.6984
71242,112.089,21.9111
57326,195.0253,16.4772
23900,233.1496,7.3193
37542,317.1458,10.6166
16152,628.1947,3.0741
51669,462.0431,14.5288
6142,633.597,2.9519
61098,693.0564,17.7656
38523,235.1653,10.7218
59732,477.0349,16.866
2246,1063.6177,2.9871
69300,158.9237,21.2023
62332,636.7802,19.4088
58126,311.144,16.8837
5788,909.2388,3.042
23978,176.0375,7.3504
70259,674.6024,21.2431
11118,245.186,4.4896
42067,322.1373,11.3521
15737,525.3898,3.5869
5328,913.4099,3.1893
67186,89.0709,18.5267
3769,644.4368,2.9316
68624,222.1171,20.4503
31445,592.1853,8.3134
19648,308.197,5.2643
46972,76.0879,12.9092
50913,586.0324,14.2084
51058,933.0953,14.0697
46736,737.285,11.1599
57898,95.0624,16.314
48010,179.0238,13.0209
60489,684.2558,17.3032
70253,560.6685,21.161
61462,368.0636,17.4624
70037,436.7297,20.9076
29792,220.05,8.3188
71501,116.0728,21.9493
61395,262.1511,16.8535
55657,745.1226,16.0321
59826,1016.6603,19.1527
52908,159.0764,16.3946
2544,621.3105,2.8968
61978,1197.3515,17.9416
4736,1240.7862,2.9242
3874,942.6513,3.1888
62177,244.9056,19.3791
59509,590.9144,17.0174
18381,357.2424,3.1191
3890,1257.8279,3.1898
57420,346.0448,15.7987
9819,320.2221,3.5495
5577,869.373,2.9235
71933,485.2644,22.632
24874,423.2226,7.2524
60754,346.1261,17.8043
29303,479.1916,8.9974
18167,259.1694,2.9463
52746,988.1922,14.7505
30268,481.2327,8.3873
32121,646.1147,8.3114
70218,936.4429,21.2721
46938,500.2964,12.7717
42894,69.0699,11.3874
70321,934.4539,21.1566
4370,567.3514,3.99
60488,542.9112,17.1147
53470,379.0375,16.8395
16577,472.2989,3.6975
43170,260.1065,10.8007
61682,694.7515,18.7648
3140,489.2484,2.9832
55227,325.0432,15.8498
5638,897.5873,2.9232
47853,297.0798,13.1713
33021,267.0776,9.2058
71967,335.1872,22.7488
2899,114.0733,2.9154
57714,327.0095,16.4549
72144,267.0653,22.8144
60627,382.9781,17.0536
61174,673.9718,17.6499
58053,294.0785,16.7331
58072,331.9319,16.4819
18079,641.4258,3.2592
3794,1091.6492,3.2025
2866,667.1765,2.9264
41050,945.2332,11.1836
61263,865.0273,16.8381
38259,189.1234,9.4796
40238,503.2011,11.0773
18117,679.3069,5.0838
56141,332.0444,16.0574
37004,131.0491,10.2637
72035,307.0578,22.7601
72042,644.9398,22.9394
27754,140.0681,8.4061
6261,504.3238,2.9255
54232,347.059,15.4602
73077,391.0566,24.1454
61622,434.9962,17.4402
13430,988.6469,3.35
52265,296.0661,14.5202
73073,219.086,23.1785
47576,260.197,12.1757
62306,716.7335,18.8905
18795,360.1918,5.4847
59151,607.1248,17.2003
70050,614.6374,21.2522
33464,245.0955,9.2147
51410,260.1144,14.4999
18863,208.0969,4.897
50934,629.9962,14.1686
17561,403.2325,3.062
54808,380.0115,15.5216
20990,368.229,5.8431
73112,391.0608,24.087
70485,412.8223,21.2006
50630,499.1868,12.8726
3705,639.4581,2.9188
48597,252.0254,12.029
184,149.0233,3.0542
52794,681.1086,15.0431
13768,1299.8858,3.895
70391,852.4791,21.2471
9351,711.2536,3.9448
69763,420.756,21.3425
66236,866.732,19.1499
70759,322.8322,21.3767
36483,322.1069,10.2069
2738,854.209,2.8737
4116,834.2198,3.0068
15094,516.3016,4.4541
70383,712.5651,21.4046
50600,565.1651,14.067
68118,292.9085,19.781
70714,582.6826,21.3729
50665,342.0731,13.7573
54989,216.9849,15.6851
9511,159.0652,3.5476
12521,251.1854,3.9298
26897,253.1184,7.7312
59073,691.0608,17.7079
19489,172.0967,5.3806
65282,888.7139,19.1459
62218,306.8937,18.0071
7311,619.5296,3.0603
70795,250.8919,21.112
61033,613.1591,17.736
69875,616.6422,21.1194
47808,197.9808,13.1505
9390,518.4934,3.2896
65800,304.0827,18.9177
16872,237.1234,5.5925
34686,136.0615,9.6107
23196,328.2232,5.1629
58276,420.867,19.1478
23485,570.3552,4.9941
32885,421.1735,9.0185
69819,494.6961,21.0777
45294,429.1334,11.4849
61128,657.1307,17.5895
17298,402.2333,5.2359
70282,578.6342,21.3533
65301,552.8109,19.159
42456,326.1323,11.7427
57323,235.018,16.3632
59155,629.1065,17.1997
70375,614.6677,21.2329
50150,317.1933,14.342
43726,356.185,11.0749
23339,236.0328,6.6562
70156,456.7048,21.1288
42892,627.232,12.1775
60433,562.9426,17.4096
58367,335.0779,16.522
2810,545.3112,2.9543
20496,1089.6871,3.7061
34192,266.9149,9.6939
38745,407.1516,8.2915
11774,391.2842,3.0276
65820,1440.518,19.1327
25008,167.0927,7.1495
26254,218.0456,8.3141
33008,306.9073,9.4899
52750,331.0722,14.792
48093,327.04,13.3614
51523,266.9149,14.1504
21721,219.0798,5.9698
27274,441.1332,7.7529
40874,1019.3475,11.1364
70377,652.6258,21.1329
14923,570.4576,3.1484
59752,357.0758,17.2594
70199,388.7198,21.2073
62978,804.7674,18.8671
71949,771.3224,22.7397
49467,632.1566,13.6531
60429,442.8325,16.4222
57510,449.0771,16.5644
48187,333.0481,13.38
54501,244.0929,15.1461
61227,368.1079,17.8121
65394,804.7577,19.1512
55853,224.0588,15.744
21511,332.2181,5.1297
6394,810.5573,2.9943
59552,298.9516,17.2293
34299,210.0792,7.7776
18283,327.2014,4.5417
43203,378.1668,11.1586
70262,770.5253,20.9521
9467,788.6151,3.5361
61074,691.076,16.6929
48756,70.0651,13.0531
17406,490.2861,4.7728
9206,1458.8631,3.1921
3036,385.2736,2.9046
28289,434.1954,8.2894
61053,442.1469,17.6183
14673,435.164,4.7292
3153,530.3692,3.0775
3020,786.536,2.9559
46014,410.2142,11.6983
72065,363.0466,22.7802
50847,1055.1435,14.0432
60635,246.1561,16.4261
32338,602.3894,8.4751
61050,671.0745,17.6974
69781,310.8774,19.3827
3172,721.4514,3.0182
48646,508.1677,13.2563
49042,361.2195,13.5928
2835,389.1117,2.9122
70062,712.5584,21.1282
26653,72.0444,6.7301
52735,639.1412,14.6401
62046,350.8396,17.9262
25995,313.0966,7.4824
49947,166.0532,13.7931
18254,247.1112,4.7945
5444,224.0633,2.8781
34690,457.0662,8.4129
41338,555.1064,11.1266
65531,304.0793,19.1906
2516,988.65,2.8767
44229,533.1246,11.1301
3981,774.2531,3.0325
15823,538.5196,3.0684
34912,659.3609,9.1639
34754,646.172,8.4381
70297,594.6086,21.2211
17287,701.4774,3.2781
36313,310.1374,10.2799
41131,767.2532,11.1188
65761,965.6756,19.1523
59875,300.9836,17.2921
26860,758.4293,7.6972
45936,596.2258,12.6778
28026,658.1719,8.2393
47543,310.0692,13.2696
57695,142.0263,16.5989
3315,820.5992,2.9817
58720,225.0209,16.2454
59621,402.84,17.5078
60157,291.1301,17.282
54529,694.1626,15.5451
35632,345.9919,8.4479
46044,640.1887,13.2251
69871,436.7345,21.8202
37059,139.0502,11.7505
27242,419.1514,7.779
34061,256.0018,8.3877
53485,446.8939,15.3279
23427,344.1815,6.6852
16625,619.2855,3.5938
47856,116.0834,13.1662
40391,447.8693,12.0275
2797,1226.807,2.9216
12370,851.6007,2.9455
53886,180.0616,16.2614
20122,146.1175,4.5384
34058,390.1169,9.5979
7852,277.1799,3.2951
41934,859.4305,11.4563
50337,88.0757,13.5803
50784,603.1223,14.1693
43567,445.1647,12.4453
51135,277.062,13.4566
41443,463.1603,9.8734
73078,413.0394,24.0577
30417,520.34,8.5273
12810,909.7184,3.3784
50888,708.0803,14.1993
61411,745.065,17.4108
2469,863.5641,2.9251
4148,787.4779,2.9699
3465,820.1679,2.9389
37764,451.1155,8.5958
54602,449.0881,15.1065
70058,680.6105,21.1582
9960,1331.7398,3.244
32787,146.0811,9.4993
57575,239.028,16.4918
57327,106.0498,16.6037
38221,120.0806,10.2608
63287,486.8462,18.7552
51632,702.2677,14.5198
55360,487.0581,15.8645
49715,427.106,15.405
39069,538.1193,11.045
31277,492.2665,8.5308
70749,452.6997,21.3788
65280,1546.4824,19.1506
2788,974.7288,3.2123
31937,384.1799,8.367
32570,390.0882,8.9768
58867,625.0521,16.5446
69637,290.8038,20.8916
37703,409.0679,10.847
41492,705.2455,11.1387
59755,280.9951,16.8382
3081,1124.7644,3.1177
29631,1188.3729,8.3012
27985,568.3397,7.1366
42595,250.0511,12.1824
31172,1216.7502,8.1053
71323,380.8744,20.3439
58652,776.1185,16.6152
52774,661.1228,14.8645
70339,646.5784,21.2446
47015,123.0967,12.9188
60393,322.8736,17.586
28871,570.0834,8.2047
69986,890.4739,20.7842
58378,661.057,15.8546
30084,447.04,8.3029
14096,1208.7963,2.909
66610,346.8442,19.3815
17834,524.5312,3.2376
7583,780.634,3.092
27724,718.5041,7.0808
43313,304.1442,11.9327
59119,283.019,16.9965
13005,726.5434,3.414
69867,298.8197,21.6845
71645,162.9086,21.8831
48383,411.016,11.1999
71517,116.0719,21.9675
63882,658.782,19.3981
65263,446.8462,19.1119
58004,270.1008,16.7291
46077,561.2746,12.6154
10150,560.3278,4.1438
71311,142.9498,20.8372
35111,520.34,9.5102
33461,60.0808,8.8835
55986,76.0393,16.2884
41394,683.2635,11.1292
21570,387.1425,6.1626
29877,236.0179,8.3088
52743,683.1159,14.8418
51412,282.0964,14.5227
28764,590.3219,7.7836
63288,526.8387,18.3447
55689,453.1203,16.0052
3619,1057.3216,3.355
28980,150.1124,9.188
9661,487.2974,2.9874
46064,325.1111,12.6518
67766,464.8443,19.4283
56650,162.9978,16.2815
65802,326.0651,19.0562
69964,440.7312,21.1167
47821,309.0357,13.1963
4431,832.634,2.9576
65484,1506.4893,19.1725
5630,936.75,3.1027
46996,77.0912,12.902
921,614.4839,3.072
38761,687.2352,10.995
13307,309.2273,3.7708
48815,450.7246,13.4763
18907,281.0991,5.1308
3746,719.4885,3.0476
25920,482.9054,7.519
44680,240.1088,11.4842
59669,200.977,17.2429
70280,834.4885,21.319
56269,585.0344,16.1667
66578,558.7729,19.3622
69989,934.4648,21.272
56469,154.0434,16.0914
53484,422.9052,15.3151
31602,1042.2355,8.4195
33559,610.1544,8.3127
55696,701.1587,15.8564
51213,260.1719,14.1586
14460,471.2375,3.0285
61281,286.9905,17.8247
61163,833.0017,17.7994
10800,183.078,3.7505
49466,588.1805,13.6282
61279,1013.3166,17.7261
7944,702.5363,3.0979
27740,172.1695,6.7454
47897,392.1371,13.2294
54726,660.3415,15.5121
70049,592.6171,21.2547
53850,733.2715,15.2664
44388,223.0066,12.153
50832,651.9781,14.1805
22474,298.0969,6.3472
60020,302.978,17.0784
61912,369.0502,17.4429
8159,1197.8269,3.0156
69969,574.6487,21.275
69588,566.7086,21.378
8065,778.5381,3.0731
8436,1215.7467,2.9496
24613,376.1866,7.119
60082,306.977,17.0183
55807,735.0969,15.8894
52639,80.9478,15.4881
27215,458.2608,8.1788
59906,278.9977,17.1288
52380,429.1391,14.8444
29438,280.1292,8.2406
14323,800.5196,3.2672
70509,576.6625,21.3733
33761,630.1405,8.3758
7204,987.7075,3.4416
40594,970.3549,11.1689
24273,161.092,7.5957
67,1199.7725,2.9533
53705,327.5717,15.3882
38083,220.1179,9.1419
10751,587.5399,3.1285
70578,332.9009,19.6374
46154,617.2064,12.6792
1668,766.5168,3.0932
25185,270.1549,7.2707
34060,396.0673,9.5515
34902,235.0805,10.8024
68807,973.2885,20.1117
58687,573.059,16.2707
54087,325.9988,15.4478
51620,362.0839,14.5242
52714,374.0369,14.871
70794,372.8298,21.2323
7667,758.2218,3.0481
43171,370.096,11.9772
73080,610.966,23.1501
16900,221.0955,4.6269
2092,973.5202,2.8328
57284,255.0647,16.4612
60406,364.0692,16.7855
28581,209.102,8.1468
3263,877.5288,3.2319
8977,336.2533,3.6466
3683,753.4783,3.0225
19284,275.1604,5.6176
16048,558.2957,4.0893
25015,565.2968,5.615
50189,367.1391,15.0688
62621,990.6541,19.2894
53659,405.0957,15.472
48229,117.0676,13.1424
57537,271.0279,15.9707
4999,668.546,3.0101
15492,1047.6586,3.83
26367,241.0447,7.5733
34142,280.0203,8.3796
64169,1272.5766,19.109
71516,115.088,22.0152
42720,692.2639,11.1523
60025,791.1772,16.9814
57938,262.0508,15.4147
67078,1294.5606,19.1765
57548,164.0115,16.0325
14973,325.2222,3.9259
16417,795.5255,3.0713
49824,459.1496,13.5769
29752,803.2156,8.3111
57643,532.9308,16.4858
51640,302.0741,14.5211
63592,764.7557,19.3695
49803,328.923,15.0314
42258,300.1554,12.0444
32432,524.2694,8.9183
47844,370.1551,13.2543
31228,965.6629,8.2857
50899,695.1336,13.879
22827,201.1234,6.539
16174,865.6907,3.6045
26225,237.1234,6.8593
46930,419.103,12.8624
48569,170.0924,13.5749
21480,332.1815,6.2223
58917,228.9268,17.113
72044,385.0285,22.7715
54924,238.9669,14.6499
60677,348.8813,17.5059
30867,303.1451,7.7125
68645,283.0701,20.1281
10794,358.27,3.7173
53927,261.0881,14.502
28814,353.1795,8.1769
61315,1115.2792,17.3708
7179,736.5429,2.96
70042,508.6715,21.1541
66235,694.7416,19.3388
55548,410.1297,15.9664
2108,909.5443,3.021
70357,728.5244,21.164
44983,520.34,11.1221
47520,372.1708,13.0381
63161,840.6984,19.2958
37419,359.1037,10.3539
55034,330.0732,15.1487
59489,206.0552,15.4174
16829,475.3257,4.6825
2872,539.1464,2.8642
25266,204.0607,7.6728
25971,363.1697,7.3915
70065,730.5304,21.2371
58725,266.9669,16.5041
61132,691.0679,16.3652
65420,252.9285,19.0628
47505,174.0501,12.6844
37913,568.3397,9.2069
770,721.5067,2.9807
